,title,links,context
0,植物為主飲食，能使癌症惡化風險減半,https://technews.tw/2024/05/19/what-is-the-association-between-post-diagnostic-plant-based-dietary-patterns-and-the-risk-of-prostate-cancer-progression/,"近年蔬食更普遍，不僅減少溫室氣體排放，友善地球環境，對個人健康也有不少好處。最近美國加州大學發現，前列腺癌患者確診後若能堅持蔬食，惡化風險大幅降低約五成，顯示蔬食對健康的益處於罹癌後仍可持續。研究 5 月發表於《JAMA 網路開放》（JAMA Network Open）期刊。
以前許多研究就證明，攝取多量十字花科蔬菜或煮熟番茄，都與前列腺癌復發或死亡風險降低有關，但早期研究偏單一蔬菜，無法準確反映整體飲食對健康的影響。此次研究使用 2016 年發展「植物性飲食指數」 （Plant-based diet index，PDI）衡量受試者飲食習慣。
量表將食物分成三大類：1. 健康植物性食材（如全榖、水果、蔬菜）、2. 不健康植物性食材（果汁、含糖飲料、精製澱粉）、3. 動物性食材（例如蛋、魚、海鮮、肉類等）。受試者填寫飲食問卷後，研究員會依據飲食內容，植物性食材給予正分，動物性食材負分，加總後分數越高就代表植物性食材越多。
研究為 1999~2018 年診斷有前列腺癌 15,310 名美國男性，2004~2016 年完成涵蓋 140 種食物飲食問卷，分析顯示，植物性飲食指數 PDI 總分為前 20% 的受試者癌症惡化風險較評分最低 20% 受試者低 47%。以植物為主活動力也較強（步行速度更快）、BMI 指數較低，且前列腺癌指數（PSA）較低，證明植物性飲食對罹癌患者健康很有幫助。
以前研究顯示，PDI 分數較高者罹患前列腺癌風險更低；此次進一步證明，植物為主飲食病患罹癌後惡化風險也較低。植物性飲食對預防攝護腺癌及避免病情惡化都有益處。
科學家承認研究還是有限制，如受試者寫問卷與實際狀況可能有誤差，影響結論；許多 PDI 得分較高受試者也會吃乳製品和肉類，無法評估完全素食的影響。受試者組成是大學學歷白人男性，結論是否適用其他人種仍須繼續評估。
無論如何，每日攝取高比例蔬食越來越受歡迎，且對各種慢性疾病如前列腺癌患者都有益處，無論健康或罹癌，飲食建議都是富含水果、蔬菜和全穀類蔬食為主。
（首圖來源：Unsplash）
從這裡可透過《Google 新聞》追蹤 TechNews
科技新知，時時更新

我的最愛
趕快加入最愛頁面
Facebook
成為我們的小粉絲
RSS
即時更新新知

© 2013-2024 TechNews Inc. All rights reserved.  | 
關於我們 |  使用條款 | 隱私權政策 | 著作權與授權轉載
親愛的會員, 
您的帳戶已經在其他裝置進行登入，於是系統將自動把您的帳戶登出本裝置。"
1,體脂肪越低越好嗎？專家提出「健康體脂率」建議，再教你如何降低體脂肪！,https://www.womenshealthmag.com/tw/fitness/weightloss/g60820312/is-it-healthy-to-have-a-low-body-fat-percentage/,"體脂肪過高過低都有風險！
體脂肪是重要的身體指標之一，但「體脂肪含量越低越好」也不是正確的觀念，過高或過低的體脂肪都會對身體健康造成負面影響，本篇文章整理了健康的體脂百分比，並告訴你減脂的正確觀念。 
體脂過低時，女性會有生理期紊亂，甚至停經的現象，男性也會降低雄激素，影響生殖能力、免疫系統等功能。因此，重要的是要維持適當的體脂肪含量，而非追求過低的體脂肪含量。
體脂肪率是「體脂肪重量」佔「體重」的百分比，女性的身體脂肪的比例通常高於男性，此外，隨著年齡的增長，我們的身體脂肪也會相對增加。根據美國臨床營養學雜誌，建議的健康的體脂百分比如下。
體脂率的健康範圍可能因為身體結構、遺傳、生活方式等因素而有所不同，健康的體脂百分比僅供參考。
既然體脂太低不好，那為什麼健美選手的體脂都這麼低呢？其實，他們優先追求的不是健康，而是為了要在比賽中展現肌肉的定義和線條感。
體脂肪過低可能會對身體造成這些影響：
1.容易疲勞體脂肪是能量的儲藏室，若體脂肪過低，身體在運作時缺乏能量儲備，容易出現疲勞的現象。
2.免疫力下降體脂肪含有免疫細胞，若體脂肪過低，身體的免疫力可能會下降，容易受到細菌、病毒的感染。
3.心血管疾病身體脂肪的主要作用之一是保護身體免受心血管疾病的危害，因此如果體脂肪過低，心臟和血管可能會增加患上心血管疾病的風險。
4.影響情緒脂肪對神經功能非常重要，大腦需要脂肪酸作為能量來源，若脂肪酸含量過低，可能會導致易怒和嚴重的情緒波動。
5.生殖系統問題女性體脂肪過低可能會影響卵巢功能，使月經紊亂或停經，進而影響生育能力。男性體脂肪過低可能會影響睪丸功能，降低精子數量和質量。
6.骨質疏鬆體脂肪含有荷爾蒙，若體脂肪過低，荷爾蒙分泌不足，可能會干擾身體吸收鈣和維生素D的能力，導致骨質疏鬆。
7.皮膚變差體脂下降太快時，也容易造成皮膚鬆弛，當皮下脂肪不足時，皮膚缺乏支撐，容易變得無彈性、乾燥、粗糙，甚至出現皺紋。
從健康的角度來看，體脂肪過低對身體有害，因此不建議盲目追求過低的體脂，而是要找到適合自己的運動計畫和飲食習慣。
1.飲食方面人體需要一定的熱量來維持生命活動和日常活動，當攝入的熱量超過了身體所需的熱量，多餘的熱量就會轉化為脂肪儲存在體內。因此，只有控制總熱量攝取才能減少體脂肪。
此外，減少高熱量、高脂肪、高糖分的食物攝取，多攝取高纖維、蛋白質和複雜碳水化合物的食物，如蔬菜、水果、全穀類、蛋白質豐富的肉類和豆類等也可以幫助減脂。
2.運動方面有氧運動可有效消耗熱量和減少體脂肪的累積，而重量訓練能增加肌肉量，進而提高代謝率。
3.睡眠方面睡眠不足會影響荷爾蒙的平衡，進而影響體內脂肪代謝。保持足夠的睡眠，有助於促進身體的健康和減少體脂肪積累。
與大家分享World Gym明毅教官的減脂秘笈，告訴你怎麼減才不容易造成溜溜球效應。
健康的減脂計劃要包括飲食控制、適量運動和足夠的睡眠，不過要注意，過度的節食或運動可能會對健康造成負面影響，最好在專業人士的指導下進行減脂計劃。
減脂期間，肌肉量也會跟著減少，所以要搭配足夠強度的肌力訓練，來減少肌肉流失。以下提供3個可以幫助減脂的訓練動作，這些動作涉及多個肌肉群，可以在一次訓練中同時刺激多個肌肉，進而提高身體代謝率，消耗更多脂肪。
<訓練部位>臀部、股四頭肌、腿後腱肌群、內收肌、髖屈肌、小腿肌
<步驟>
(1)雙腳分開略寬於臀部。(2)挺胸，收緊核心，將重心轉移到腳跟上。(3)慢慢將臀部往下推，直到大腿平行於地板。(4)過程中，頭部與頸椎呈一直線，不要低頭或者仰頭使力。(5)這時大腿和臀部都會感受到張力，停留1~2秒。(6)吐氣並向上推回到起始位置，再重複動作。
<訓練部位>胸大肌、肩部肌肉、肱三頭肌
<步驟>
(1)躺在臥推椅上，雙手握住槓鈴，槓鈴與胸部保持平行，手臂伸直。(2)保持肩關節穩定，手腕伸直，肘關節、手腕關節與槓鈴三者呈一直線(3)將槓鈴慢慢下降，直到胸部下方。(4)核心、臀部、腳掌幫忙穩定，用下半身力量推起槓鈴，直到手臂完全伸直，再重複動作。
<步驟>
(1)將槓鈴置於護槓架上，與膝蓋同高的位置。(2)雙腳分開與肩同寬，收好下巴，將胸部微微向上挺。(3)將臀部往後延伸，保持膝蓋微彎(15-20度)，手輕勾槓鈴。(4)視線看向前方的地面，不要刻意看鏡子而抬頭。(5)站起夾臀、調整呼吸，將腳上的重量平均地分佈在腳上，倒退離開槓架。(6)再將臀部向後延伸，這時膝關節會保持自然彎曲。(7)背部保持一直線，使上半身幾乎與地板平行。(8)拉起的過程中，維持軀幹穩定、肩胛後收，當槓鈴碰到腹部時，可停留一秒，再保持離心收縮，回到起始位置。
然而，這些動作都需要較高的技巧和身體協調能力，如果有任何操作上的疑問，務必尋求專業教練的指導，確保動作的正確性。
【延伸閱讀】  
 ＞＞ 改掉「這些壞習慣」成功降低體脂肪，減脂菜單這樣吃
＞＞ 10個背部肌肉訓練，減齡更顯瘦還能擺脫腰痠背痛
⚡️本文轉載自 World Gym Blog
靠高蛋白低碳水無痛速瘦22kg的韓國網紅告訴你：減重遇到停滯期怎麼辦？
「改變這件事 1%靠他人，99%靠自己覺醒！」從93⭢56Kg不只變美還更健康
超慢跑是什麼？放慢節拍原地跑好處公開，高效燃脂瘦身、降3高超有感
韓國教練「Sol老師」靠有氧運動瘦7kg！4個飲食&運動方法，漸進式有氧運動新手也能做
筋膜放鬆真的有效嗎？編輯持續進行3個月，告訴你具體效果如何！
一年內瘦12公斤！日本減重講師公開NG餐踩雷點&提升減重效果5大tips
減肥實測！「80/20減肥法」讓我輕鬆瘦掉23公斤
產後瘦身、坐月子調理中醫師詳解！飲食運動恢復少女身
「搞定荷爾蒙，減肥就會變得很簡單。」你一定要知道﻿的荷爾蒙3R原則&﻿四項健康減重認知！
為什麼我就是瘦不下來？加速減肥的6種方法，原來營養不足也會影響減肥！
專家給想瘦身40+的10大減肥建議，年紀越大減肥越難再也不是藉口
小紅書爆紅的「小基數減肥法」是什麼？微肉女孩必筆記：6個飲食重點+運動菜單，一個月成功瘦3~5公斤
A Part of Hearst Digital Media
Women's Health participates in various affiliate marketing programs, which means Women's Health gets paid commissions on purchases made through our links to retailer sites.
©2024 Hearst Magazines Taiwan All Rights Reserved. 任何未經本公司同意或授權，擅自抄襲、剽竊本公司報導、文章或照片，本公司為遏止抄襲歪風，維護創作秩序，一定會向法院提起民刑訴訟追究相關法律責任，絕不寬貸。"
2,人腦病毒- 陶樂思(@dorothyto1984),https://matters.town/@dorothyto1984/609504-%E4%BA%BA%E8%85%A6%E7%97%85%E6%AF%92-bafybeigaopzbiz6a6h3arvpetdueu2bwx63jyerbtwnxmr7gcrbyjewibu,"社工系學士。現職行政人員。業餘寫作。喜愛自學。寫作領域涵蓋觀點、社會科學、歷史知識、寓言短篇等。Github: https://github.com/Dorothy1984

有一種病毒比任何一種殺傷力強的電腦病毒都有過之而無不及。這種病毒潛藏在我們腦子裡。因此叫做「人腦病毒」。
人腦病毒的殺傷力在那呢？這種病毒最可惡之處，就是令很多很多人，即使有強大潛能，都只能一生平庸。試想，若你的天賦能使你成為飛機師，但受到人腦病毒影響之後，你只能做個普通文員。本來職業無分貴賤，文員也沒什麼不好。但若你受到病毒影響，成為一個營營役役但不知道自己在做什麼的人，只顧浪費精力，虛渡時光呢？
說了這麼多，這種病毒究竟長什麼樣呢？這種病毒只簡單三個字：「我不行」。你可能會很疑惑：「這短短三個字會有這麼大力量嗎？」
稍有常識都應該知道，無論做什麼事情要做得好，實戰是必不可少的一環。學習也是一樣，從生疏到熟練需要一個不斷嘗試和實戰的過程。這個過程需時可長可短，但實戰必定缺少不了。「我不行」的自我暗示（很多時還是自我明示呢！（，會使自己連開始行動都卻步。或者即使開始了行動，一遇到小挫敗就退縮：「都說我不行了。果然真的不行呢！」由此可見，「我不行」在個人發展的路上，是一塊多大的絆腳石呢？而更諷刺的是，這絆腳石是自己扔到自己腳前的。
你可能會問：「這麼壞的人腦病毒究竟是怎樣內至到我們腦袋裡的呢？」
人腦病毒的形成是文化、人際互動以及個人性格三者相互交織的結果。
在文化層面，華人社會普遍不鼓勵個人表現。華人文化高舉謙虛。即使自己很有才幹，在其他人面前仍然經常把「我不行」掛在嘴邊。彷彿說自己行就是驕傲自大。除了口頭表現以外，因着對「槍打出頭鳥」的恐懼，在實際表現上也傾向內斂。活在這樣的陰影之下，才幹外露就好像錢財外露，會遭到什麼不幸一樣。於是大部分人都甯願把自己的能力潛藏起來。「我不行」說得多了，連自己都相信自己不行了。
人際互動對自我了解也會造成影響。雖然因着妒忌而打擊別人自信，令人相信自己不行的案例非常少，但諷刺的是很多時這種打擊來自我們的重要他者，例如父母。而打擊的動機卻諷刺地是因為愛孩子。曾經聽過一個案例：孩子很喜歡唱歌。參加過不少歌唱比賽且贏得獎項，但父母因為想他集中精神於學業，於是極力打擊他唱歌的自信心。平日經常說他唱歌難聽。即使贏到獎項，也說評判偏心，甚至評判聽覺有問題。當孩子的興趣與才幹不符合父母的期望，或者父母相信某些興趣與才幹「不能拿來當飯吃」，便會以負面評價的方法阻止孩子向他們的興趣發展。上述案例其實在日常生活中並不少見。當從小就活在不被鼓勵的氛圍下，「我不行」的病毒就會內至於自己的腦海。
當然，個人性格也是病毒生長的溫床。別人說你不行你就必須相信嗎？有些人決定怎樣也不相信。說我不行，我偏偏要做得到。而另外一些人則非常倚賴別人的認同和讚賞。別人沒有表示認同，或者作出負面評價，他們就真的相信自己不行。而「我不行」這種人腦病毒，就最喜歡以上述兩種人的後者作為宿主了。
知道人腦病毒如何產生之後，我們應該如何應對呢？我的應對方式，是不違拗，只發問。在日常生活中，「我不行」也會經常在我腦海裡跳出來。例如我正在學習架設自己的部落格網站。遇到與圖片有關的環節，我很多時就會不自覺地對自己說：我眼睛看不見，圖片的事情我應該做不到了。若我聽了上述的自我暗示就放棄學習的話，那麼我就中毒了。現在的我會繼續發問：眼睛看不見，就真的沒有其他方法協助自己處理圖片了嗎？會不會有其他視障者正在使用我還未知道的工具，能協助自己處理圖片呢？問了上述問題之後，我就會繼續收集更多資訊。例如詢問其他視障者，學習使用新工具。在學習的過程中，要由完全不懂到非常熟練看似很遙遠。這時候，我又會不自覺地說：我對這個是門外漢，怎學得會呢？這時候，若果我繼續問：我能怎樣去學習？用什麼方式會使我容易掌握相關技巧？那麼人腦病毒就不能阻礙我了。因為問了上述問題之後，我會繼續採取行動，包括制定學習的小目標以及對學習成果的回饋機制。
最後，大多數人以為成就是外在之物，需要爭取。但我很想告訴的真相，是成就其實潛藏於我們的內在。我們要做的，是解鎖成就而不是爭取成就。要解鎖內在成就，充分了解自己的興趣與才能，不斷學習謀求提昇是不可或缺的元素。而這些都需要行動力。「我不行」是消磨行動力的致命病毒。因此它會妨礙我們解鎖成就。幸好這種病毒並非無解的絕症。只要我們不輕信它，願意透過多發問去破解它，我們便能輕易跨過這塊絆腳石。但願大家都能解鎖自己成就，活出自己喜歡的樣子。
喜欢我的文章吗？别忘了给点支持与赞赏，让我知道创作的路上有你陪伴。
喝著咖啡悠閒閱讀。分享知識、觀點與心情。盼與讀者一起成長
我出生於上世紀七十年代。可以說是從沒有互聯網的時代活到今時今日，互聯網經歷只發放資訊的第一代，可支援互動的第二代，以致今時今日，從中心化走向去中心化的第三代。
中专二年级第一学期临近期末的学业水平考试快来了，它决定了我们2024年3月份三校生高考的语数英分数。
快逃！
发布评论…"
3,以注射疫苗方式驅動免疫系統對抗腫瘤mRNA技術攻克癌症新曙光,https://www.merit-times.com.tw/NewsPage.aspx?unid=886892,"編譯／韋士塔  美國佛羅里達大學（University of Florida）的研究團隊成功開發mRNA癌症疫苗，並首次在人體臨床試驗，重新編程（reprogrammed）患者的免疫系統，幫助免疫系統對膠質母細胞瘤（glioblastoma）發動猛烈攻擊。研究人員指出，膠質母細胞瘤是侵襲性強大、高度致命的腦部腫瘤。患者平均存活時間僅15個月，目前的標準療法包括手術、放射治療及化學治療。新開發的mRNA癌症疫苗則是一種潛在的創新療法，運用mRNA（信使核糖核酸）技術，驅動免疫系統來對抗一些難以治療的癌症。專家指出，mRNA疫苗是在新冠疫情期間開發，以這種技術製造的疫苗，會把能夠製造新冠病毒表面棘狀蛋白的mRNA送至人體細胞，並製造棘狀蛋白，藉此驅動免疫系統攻擊與記憶此類病毒蛋白，產生對新冠病毒的免疫力。佛羅里達大學開發的疫苗使用相同技術來對抗癌症，與mRNA新冠疫苗的區別在於癌症疫苗的傳遞機制更加複雜，並且使用患者自身的腫瘤細胞，量身打造專屬疫苗。參與開發mRNA癌症疫苗的佛羅里達大學健康中心兒科腫瘤學家、RNA工程實驗室首席研究員薩尤爾（Elias Sayour）博士指出，新型mRNA癌症疫苗，是一種「洋蔥狀」多層核糖核酸（RNA）脂質顆粒聚集體（LPA），可顯著增強腫瘤mRNA抗原的能力。薩尤爾博士解釋：「我們注射像洋蔥一樣相互包裹的脂質顆粒聚集體，這種方式能夠像免疫系統發出警報，效果比單一顆粒更好；簡單來說，新型疫苗能夠『教導』免疫系統分辨並攻擊外來的腫瘤。」研究團隊招募4名成年腦腫瘤患者進行人體臨床試驗，測試結果顯示，透過靜脈注射後，mRNA癌症疫苗能夠迅速激發免疫系統對腫瘤的強烈排斥反應，約48小時就可讓腫瘤從能夠逃避免疫系統的「冷腫瘤」轉為「熱腫瘤」，讓免疫療法發揮作用。研究人員從這4名患者手術切除的腫瘤中提取mRNA，然後將mRNA擴增並包裝在新設計的生物相容性脂質奈米顆粒中。這種客製化的mRNA癌症疫苗注射到患者體內後，會被免疫系統辨識為危險腫瘤，啟動免疫系統對抗腫瘤的反應。薩尤爾博士表示：「mRNA疫苗引發免疫系統強烈反應以排斥腫瘤的速度，讓我們印象深刻；最重要的是，如果能夠快速激發免疫系統對抗癌症，對免疫反應的後期影響非常大。」參與開發疫苗的佛羅里達大學臨床與轉化科學研究所（Clinical and Translational Science Institute）所長米契爾（Duane Mitchell）博士表示：「新型mRNA癌症疫苗經動物及人體臨床試驗，均獲得相同的良性反應，這代表我們已開發一種新穎且獨特的方式，可傳遞mRNA，取得顯著且快速的癌症治療方式。」研究團隊將展開下一階段的臨床試驗，目標是讓新型疫苗成為治療癌症患者的範例，提供調節免疫系統的新技術。

              《人間福報》是一份多元化的報紙，不單只有報導佛教新聞，乃以推動祥和社會、淨化人心為職志，以關懷人類福祉、追求世界和平為宗旨，堅持新聞的準度與速度、廣度與深度，關懷弱勢族群與公益；強調內容溫馨、健康、益智、環保，不八卦、不加料、不阿諛，希冀藉由優質的內涵，體貼大眾身心靈的需要、關懷地球永續經營、延續宇宙無窮慧命，是一份承擔社會責任的報紙。自許成為「社會的一道光明」的《人間福報》任重而道遠，在秉持創辦人星雲大師「傳播人間善因善緣」的理念之際，更將堅持為社會注入清流，讓福報的發行為人間帶來祥和歡喜，具體實現「人間有福報，福報滿人間」的目標。
                人間福報社股份有限公司  統編：70470026
            
Copyright © 2000-2024 人間福報 www.merit-times.com.tw All Rights Reserved. "
4,1種水果防6大癌症患胰臟癌風險減97%！通便功效超強！吃3粒就有效,https://ccue.singtao.ca/2024-05-18/1%E7%A8%AE%E6%B0%B4%E6%9E%9C%E9%98%B26%E5%A4%A7%E7%99%8C%E7%97%87-%E6%82%A3%E8%83%B0%E8%87%9F%E7%99%8C%E9%A2%A8%E9%9A%AA%E6%B8%9B97%EF%BC%81%E9%80%9A%E4%BE%BF%E5%8A%9F%E6%95%88%E8%B6%85%E5%BC%B7/1014282,"© 2024 事事如意生活網站. CCUE Chinese Media Inc. All rights reserved. 
水果種類繁多，應如何選擇？有醫生指出，有一種水果性價比相當高，不但是「通便神器」，更有助預防6種癌症。其中，患「癌王」胰臟癌風險更可大降97%，到底是哪種水果如此神奇，既能防癌又是便秘救星？
吃1種水果可防6大癌症 患胰臟癌風險減97%
大腸直腸肛門外科醫生黃郁純在Facebook專頁發文指，有1種水果共有3好處，除了有助通便及預防癌症外，更有助改善女性健康。這款水果就是西梅！
西梅有甚麼功效/好處？


 
西梅功效｜1.減患6大癌症風險 可減97%！
黃郁純醫生引述一項研究指，進食西梅乾等果乾可以降低患癌風險。西梅乾這些果乾，攝取量每增加一個標準差，6種癌症的發病率，下降的程度也不同。其中一種癌症的發病率，更可減97.26%。
【同場加映】胰臟癌12大症狀


西梅功效｜2. 含強大的通便成分 是便秘救星！
在古代或現代，西梅也被證實有緩解便秘的功效。黃郁純醫生列舉如下：
在營養學角度，黃醫生指，西梅含豐富膳食纖維、天然山梨醇和酚類化合物，功效如下：
【同場加映】便秘定義及原因 3日沒排便是便秘嗎？何時須求醫？


西梅功效｜3.  改善停經女性腸道健康
黃郁純醫生指，腸道微生物群的多樣性一般會隨年齡增長而增加，不過當女性停經後，腸道內的微生物群生態失衡，反而增加患癌風險。
此外，人體70%的免疫細胞都位於腸道，是保護人體的前線戰場，如果腸道不健康，健康也會受影響。
吃西梅可改善腹瀉/腹痛/腸胃炎情況？
2022年一項在《Food Funct》發表的研究報告指出，西梅可改善女性停經後的腸道健康和增強當中的微生物群，如果連續12個月每天食用西梅乾，對女性停經後的腸道糞便微生物群似乎可產生持續有益的影響，特別是增加毛螺菌科細菌的豐富度。毛螺菌科不僅能產生短鏈脂肪酸SCFA，還與酚類代謝和免疫調節有關，能減少腸道發炎因子。
西梅乾比西梅更有營養？吃3粒就見效？
黃郁純醫生指出，不論是新鮮西梅還是西梅乾，每天吃3至4顆都對身體有益，當中西梅乾由於在製作過程中會把營養成分濃縮，因此纖維量更高，天然山梨醇及抗氧化劑等含量亦更多。上述成分亦有助加強飽足感、調節血糖水平和減少氧化壓力，最終達至控制體重的目的。
 T10
肺癌｜男星26歲確診肺癌晚期 忽略1症狀被判剩3個月命 出現7徵兆要小心
大腸鏡檢查｜大腸癌年奪2300命 大腸鏡多久照一次？一文看清檢查項目/流程/費用
醫學新研究：大腦中毒素不因睡眠足而能去除 但運動能
安省一名兒童死於麻疹 乃10多年來首見
早餐吃方包易致血糖高？中醫推介8種降血糖食物 更可提神吃出好心情
世衛更新重點抗藥病原體清單 指導新抗生素研發
經常鼻塞是感冒/鼻敏感？鼻鼾聲大恐患心血管病？醫生教4招分辨鼻塞成因
蘋果iOS 18新功能曝光  助殘疾人士用眼控制手機及平板
美14歲少年挑戰勁辣粟米片身亡 驗屍報告：攝入大量辣椒素致心臟驟停
【黎太食譜】鬆軟甜蜜粒粒爆汁 藍莓鬆餅
【精明消費】新鮮雞翼$0.99一磅、生猛龍蝦$8.88一磅、韓國燒烤醬$2.99一支、蘆筍$3.88兩札、生蠔$11.88一箱！盤點各區華人超市本周Flyer心水優惠（5月17日起）
廖駿雄離世丨目擊翁美玲被招魂！湯鎮業見舊愛靈體因被叫兩字深信不疑 傳設靈位供奉
崔建邦星二代舊愛激罕性感！三點式戶外做運動  曾有身材焦慮擔心胸部變平
朱千雪宣布BB岀世了！留一Emoji暗示誕龍仔：Ours
吳日言長期臥床好焦慮：香港乜都貴 40歲高齡陀第3胎暴增近50磅丨獨家
李婉華鼓勵新何太乘勢擲百萬賣「迷魂湯」 撐何伯咸濕尋愛無罪被轟價值觀出問題
廖駿雄離世丨兒子廖家爵隨父入行效力TVB拍《愛回家》  表哥為已故影星傅聲
東張西望丨重組何伯何太相戀時間線！認識19日送10萬金鈪  未夠一個月已想拎100萬搞生意
古仔 率四子型爆康城被瘋狂集郵
1種水果防6大癌症 患胰臟癌風險減97%！通便功效超強！吃3粒就有效
大腸鏡檢查｜大腸癌年奪2300命 大腸鏡多久照一次？一文看清檢查項目/流程/費用
肺癌｜男星26歲確診肺癌晚期 忽略1症狀被判剩3個月命 出現7徵兆要小心
東張西望｜何伯夫婦私下零交流疑感情生變？情侶勞力士突「失蹤」惹賣錶套現揣測
鄭啟泰離世3個月未婚妻獨自過生日  抱愛犬慶祝眼泛淚光笑容令人心酸








            © 2024 事事如意生活網站. CCUE Chinese Media Inc. All rights reserved.
            關於我們 ·
            用戶條約 ·
            隱私條款 ·
            殘障無礙政策 ·
            聯繫我們
"
5,義大利科學家發現，阿斯匹靈能改善免疫系統對付癌細胞的能力,https://technews.tw/2024/05/18/aspirin-prevents-the-progression-and-development-of-colorectal-cancer/,"阿斯匹靈有預防血栓、動脈硬化及止痛消炎功效，長期服用也發現與某些癌症風險下降有關。最近義大利科學家研究顯示，長期服用阿斯匹靈可能透過增強免疫系統監控癌細胞而具防癌效果。發現近日刊登於美國癌症學會（American Cancer Society）期刊《癌症》（Cancer）。
最近義大利帕多瓦大學（University of Padua）科學家為了研究阿斯匹靈對大腸癌的影響，深入分析 238 名 2015~2019 年接受大腸癌手術患者的癌組織樣本，有 12% 因其他慢性病須長期服用阿斯匹靈，發生癌轉移比例較低；癌組織也觀察到更多免疫細胞，顯示抗癌免疫力較活躍。
阿斯匹靈對癌細胞有何影響？研究員在實驗室以阿斯匹靈處理培養皿內大腸癌細胞，觀察到與免疫調節有關的蛋白質 CD80 含量明顯增加。長期服用阿斯匹靈受試者的癌組織周邊黏膜組織也有較高 CD80，證實 CD80 可增強免疫細胞活性，並能警告其他免疫細胞癌細胞存在，使免疫系統對抗癌細胞能力增強。
領導研究的馬可·斯卡爾帕（Marco Scarpa）教授表示，以前研究指出阿斯匹靈是抑制發炎反應而有預防癌症效果；本次發現表明，阿斯匹靈還可提升抗癌免疫力。不同機制可能同時存在，還有互補作用。
斯卡爾帕教授解釋：「腸道吸收阿斯匹靈是利用效率較低的擴散作用（被動運輸），且胃及小腸已吸收大部分阿斯匹靈，如果想發揮更強抗癌力（大腸癌），就應設法提升阿斯匹靈抵達大腸的濃度，才有更佳作用。」
然阿斯匹靈不宜使用過量，因抗凝血功能可能導致消化道出血和潰瘍等不良反應，如何調整至適當劑量，發揮功效而不傷身也是值得探討的課題。
（首圖為示意圖，來源：Unsplash）
從這裡可透過《Google 新聞》追蹤 TechNews
科技新知，時時更新

我的最愛
趕快加入最愛頁面
Facebook
成為我們的小粉絲
RSS
即時更新新知

© 2013-2024 TechNews Inc. All rights reserved.  | 
關於我們 |  使用條款 | 隱私權政策 | 著作權與授權轉載
親愛的會員, 
您的帳戶已經在其他裝置進行登入，於是系統將自動把您的帳戶登出本裝置。"
6,卵巢癌為何被稱為「婦科第一凶癌」？初期症狀有哪些？婦科醫點名：有這些「症狀」快就醫,https://health.udn.com/health/story/6019/7970078,"
                 內容提供合作、相關採訪活動，或是投稿邀約，歡迎來信：
             

                                            良醫健康網

                                            良醫健康網
聽健康
卵巢癌（Ovarian Cancer）被稱為「沉默殺手、婦科第一凶癌」，正是因為它缺乏明顯的早期症狀，出現症狀時也常常被誤認為是腸胃道問題，因此大部份被診斷出來時，都已是第三、第四期。而且也因為新冠肺炎的關係，國人到醫院的次數減少，同樣也減少了健檢的機會，當然也包括了癌檢。究竟卵巢癌的症狀有哪些？CA-125能篩出卵巢癌？怎麼吃可以預防卵巢癌？快由婦科權威陳保仁醫師與宋明樺營養師說給你聽：
根據大型統計，在卵巢癌患者當中，發現有七成患者都同步有內膜異位症的狀況。但這不代表內膜異位症就會造成卵巢癌，而是兩者的成因（不正常的排卵、外來的刺激導致卵巢表皮受到刺激的突變）有相當的類似，它們的危險群（晚婚、晚生、比較胖、愛吃高油脂食物等）也幾乎一模一樣。
卵巢癌稱為沉默殺手有兩大原因：
1.症狀不容易判別：初期症狀有肚子脹脹，脹氣、吃不太下食物、腹脹導致肚子變大、變瘦。
2.因為不容易早期偵測，發現期數晚就可能較難治療。導致發生率稍微上升，但死亡率、死亡人數甚至更高。
月經通常不會異常，除非腸胃吸收變差、荷爾蒙變差，月經才可能略有影響。因此若出現經常性（兩三周以上）的腹脹沒有改善，就建議可以就醫檢查。
雖然卵巢癌的發生和遺傳、家族病史、年齡或荷爾蒙有關，但我們可以從飲食控制著手。以下為飲食建議：
1.避免高油高糖高鹽飲食：現代人多外食，當中不外乎就是高油高糖高鹽，而高油高糖和卵巢癌有相當的關連，尤其高油的動物性油脂、反式脂肪都可能增加卵巢癌風險。
2.一天一餐吃素：間接減少動物性油脂的比例。
3.留意澱粉攝取：精緻澱粉（麵包、甜點）會影響血糖、荷爾蒙平衡、身體慢性發炎。如果烤土司、烤麵包等加熱澱粉等溫度過高，就容易產生致癌物質「丙烯醯氨」，進而導致卵巢癌的發生。
＊用氣炸鍋比較健康？氣炸鍋原理是高溫烹調，因此不管是澱粉、蛋白質、蔬菜，只要透過高溫調理，就可能增加成分的變質。如果長時間攝取，無形中吃下可能隱藏在當中的致癌成分。
癌症不會突然產生，而是慢慢的長成。我們的身體有抑制癌症的基因，就像是身體的警察，可以幫忙打擊壞人，但如果壞人一直出現，警察來不及撲滅，就可能導致癌症。我們的身體其實隨時都在癌化中，只要有修復期才是關鍵。
除了飲食控制外，定期篩檢也很重要。目前就是靠「CA-125」指標來參考。CA-125是一種蛋白質，但不只卵巢受損，只要是發炎、子宮內膜異位症、腸子發炎、月經來時內膜的脫落等狀況，都可能導致指數上升。而CA-125的標準值為35，目前的共識是70以上，就可能要留意了。
超過標準值不代表就是罹癌了，它只是屬於篩檢及追蹤指標，並非診斷指標。目前唯一較有共識的是「基因檢測」。
國際影星安潔莉娜裘莉，她之前在《紐約時報》投書My Medical Choice，文中披露自己因為帶有家族遺傳性乳癌/卵巢癌的BRCA1基因變異，所以選擇雙乳切除手術，也計畫進一步接受預防性的卵巢加輸卵管切除手術以減少卵巢癌的發生。
BRCA1/2這兩大基因群，可能與罹患卵巢癌、子宮內膜、乳癌、大腸癌等癌症相關，一旦有這些基因，罹癌風險就有可能增加。
不過要提醒，但並非只要透過基因檢測就可以檢查出卵巢癌，因卵巢癌只有10～20％與基因有關。還包括受外在影響，像是日常生活中的一些致癌因子，因此，更要注重攝取飲食、體重維持還有運動等，才能減少癌症的發生。
也有人會問，拿掉卵巢是否就不會罹患卵巢癌？其實卵巢長癌的病灶在上皮，肚子裡有許多地方和它是同個來源（如腹膜）。因此卵巢拿掉，還是有可能造成腹膜長癌。因此定期的追蹤，與醫師互相溝通，了解治療的風險再下決定，才是良好的醫病關係。
責任編輯：陳學梅
這篇文章對你有幫助嗎?
本站內容僅供參考，一切診斷與治療請遵從醫師指導。"
7,罹帕金森症15年，他從「不會死、不好活」到完成環球一周夢想：就算得病，也要當第1名的病人 | 幸福熟齡 | LINE TODAY,https://today.line.me/tw/v2/article/rmX79Oe,"
      您使用的瀏覽器版本較舊，已不再受支援。建議您更新瀏覽器版本，以獲得最佳使用體驗。
    

      請在瀏覽器上啟用JavaScript來瀏覽頁面中的所有內容。
    
作者 : 郭美懿
圖片 : 蕭芃凱攝、程忠平提供
與程忠平約在商場裡的咖啡館見面，72歲的他雖然腳步略微細碎，步伐卻很堅定，看不出已與帕金森氏症共處15年。「這個病不會死，但也讓你不好活！不過就算得病，我也要當第1名的病人！」他笑呵呵地說。
從57歲確診至今，他始終沒向病魔屈服，靠著運動與家人支持，並配合積極治療，不僅保持生活如常，去年更與妻子完成環球一周之旅。他說，即使得了帕金森氏症，依舊能找到生活的目的與意義，「不是為了苟延殘喘活著，而是有目標、有被需求的活下去！」
據2021年健保資料統計，全台有7.7萬人罹患帕金森氏症（又稱巴金森氏症），大多於55至60歲之間發病。「其實我發病前起碼10年就有徵兆了，頭痛…從肩膀痛到頸椎、頭部，要用拳頭敲打太陽穴才能緩解…但怎麼都不會想到是帕金森！」
程忠平確診前一年開始出現駝背、右腳拖行、小碎步等狀況，習慣隨手筆記的他，有一次還被理髮店老闆娘嫌棄，「說我的字像螞蟻一樣，看都看不懂，我還覺得是她老了、眼力差！」
直到有次跟朋友練「笑笑功」，被同行一位醫師懷疑有中風、腦溢血可能，才急著去就醫。「檢查說疑似帕金森，我就很高興，因為不是腦中風；結果太太一聽臉都綠了！」程忠平苦笑：「誰知道帕金森這麼難纏，一輩子跟著你，而且不可逆！」
「我們很晚才有小孩，那時老大也才唸國一，對家庭來說是晴天霹靂！」程太太Chu用「害怕、驚慌」來形容當時心情。尤其10多年前大眾對帕金森氏症認知不多，連求醫都是靠朋友輾轉介紹，「聽到哪裡有在看就去掛號，醫師開什麼藥，就吃什麼。」
初期藥物不見成效，甚至身體越來越無力，不斷加藥的狀態下，造成他出現猝睡症，常走路到一半就睡著、甚至撞牆。之後又有強迫症，「瘋狂的購物，只要看到網路在賣藥，就幾打幾打的買。」他瞞著太太到處買藥，現金花光就刷信用卡，甚至貸款、動用循環利息，直到銀行打電話來催繳，太太才知不對勁，當時他已花掉逾百萬元。
「換了醫院後，醫生一看驚呼：你怎麼吃到這個藥量！」程忠平坦言，由於先前藥量太重，換藥過程出現「戒斷」症狀，被送進精神病房住了18天。「少吃2顆（藥）就垮掉了，走路走不穩；少吃4顆時，直接躺床，想爬也爬不起來。」
「我個性樂觀，覺得這（得病）有什麼了不起，以為可以勝過，沒想到這麼難纏，有時候一天就要吃30幾顆藥，藥吃越多…」在醫師建議下，他決定接受「腦深層電刺激術」（Deep Brain Stimulation; DBS），在腦部植入電極，「就像在腦部裝了一個發電機，刺激你的多巴胺。」
這項手術，讓他得以減少三分之二的藥量，但仍花了整整3年調適與復健，才讓身體各方面的動作協調逐漸恢復。
程忠平說，很多人得了帕金森氏症，害怕跌倒就不出門，「身體沒力，意志力也沒有了！」其實他與帕金森氏症共處15年，爬山、游泳、跳舞樣樣來，只有騎單車因曾嚴重摔傷，太太也不讓他開車，才撇除這兩項，「喜歡、可以做得到、安全的事，就鼓勵去做！」
Chu則苦笑：「他自己沒有病識感，好處是不會怕，缺點是不知道他的底線。」像程忠平曾練瑜珈練到受傷開刀，「就很ㄍㄧㄥ，什麼事都要辦得到，連生病都要第1名！」
事實上，這也可能是他罹病的原因，「要求完美，做不到偏偏要做，什麼都要轟轟烈烈！」他從小學業拔尖，高中第一志願、大學最佳成績畢業，之後頂大拿碩士，再出國取得博士學位。擔任公職時為了完成任務，往往一天只睡3～4個鐘頭，也曾因職場競爭與同事爭鋒相對，在心裡留下「苦毒」，那些壓力、不滿與恨意，或許都是病因！
▲程忠平每個週末固定跟登山隊一起爬山，隊友溫情接納、也會提醒他服藥時間，對於病情有正面影響。（圖／程忠平提供）
得病後，他透過信仰得到力量，也學著寬宥他人與自己。「帕金森是『心理病』重於『生理病』。生理病是慢慢出現，可能一拖幾十年；但心理病是你隨時想垮掉就垮掉，這是沒法醫的。」
程忠平解釋，一旦藥效退去，帕金森患者就會「斷電」，別說走路，連自己穿衣服、吃飯都做不到，但外表如常，因此容易被誤解，脾氣會暴躁。家人心理上的接納也需要時間 還要隨著病程發展去學習、瞭解如何對待。
「因為跟他過去反差太多了！」Chu補充說，以前丈夫總是雄赳赳、氣昂昂，罹病後卻都變了。而且15％～25％的患者有家族史，「孩子也會擔心：未來的自己會不會變成父親這個樣子？也需要心理建設。」
程忠平發病時孩子還小，妻子不但要照顧丈夫、孩子，同時還要兼顧全職工作，一路煎熬。程忠平感性說，自己進出醫院7次，甚至開了腦部手術，「幸好我娶了個強人，她很獨立，也很堅強！」
對此，Chu回應：「因為帕金森沒辦法好，那就面對它吧！與它共處，在最好的情況下，能有一天算一天，所以去年才會想趁著還能走的時候，拉著他一起去圓夢！」
▲去年程忠平與太太以120天完成環球一周夢想，在郵輪上以毛筆字會友，共同慶祝生日。（圖／程忠平提供）
延伸閱讀：
不是手抖！巴金森氏病「這症狀」最易忽略，醫籲：50後注意4徵兆…左右25下「手指操」自我檢測
去年，他們飛到歐洲參加120天的環球一周郵輪之旅，「當時不覺得害怕，現在回想是自不量力！」儘管如此，能親腳走過約旦佩特拉古城、親見紐西蘭米佛峽灣的冰河瀑布，加上天天晨跑、散步，航海日就跟太太跳國標舞，讓他更覺得有活力、病況也改善，「下船後心情更好、更有精神，走路、吃飯沒人知道你是帕金森！」
他笑言，很多人說玩郵輪1週、2週很好，但待上3週就發瘋了，所以「有事情做」很重要。他預先學了書法、簡筆畫、摺紙等10種才藝，想藉此打發沒靠港的日子，沒想到他在郵輪上以毛筆字會友，為同船遊客將中文譯名寫成卡片，「最後大家都認識Mr. Chen！」
「對病人來講，找到生活的目的與意義很重要，不是苟延殘喘活著，而是覺得被需要。」Chu舉例，像先生婚前連電鍋都不會用，這幾年會煮飯給她吃；程忠平則調侃自己：「沒力氣也要做！」
「知道他是病人，但不當他是病人。」程忠平建議，即使罹病也要走出門，就算在家也可以分攤家務，提升活動量與自我價值。也別把生病視為藉口或羞恥，「不要因為生病而需要獲取同情或特權」。最後，是要相信帕金森氏症是可以治療的，千萬別否認病情，而延誤了及早治療的黃金時間。
點我加入幸福熟齡FB粉專，健康快樂每一天
更多幸福熟齡文章
78歲父譜黃昏戀，她憂老爸「肉體、錢財被淘空」…劉黎兒：老伴共度餘生很可貴，真愛他就祝福他
騎著腳踏車載孫子，「這棟85大樓阿公買的」！75歲海霸王老闆從雞販到千億身家的破框故事
加入幸福熟齡LINE好友，掌握更多資訊！"
8,德國病理學之父：「這5種發炎」恐釀成癌症 千萬別輕忽 | 藝點新聞 | LINE TODAY,https://today.line.me/tw/v2/article/Kwj62kk,"
      您使用的瀏覽器版本較舊，已不再受支援。建議您更新瀏覽器版本，以獲得最佳使用體驗。
    

      請在瀏覽器上啟用JavaScript來瀏覽頁面中的所有內容。
    
藝點新聞Chloe編輯整理
德國病理學家魯道夫.維爾肖（Rudolf Ludwig Karl Virchow ）曾在《細胞病理學》上發表過一個觀點：發炎是癌症的起源和禍根。其中有5種炎症，可能會釀成癌症。
（圖／Pixabay）
國際癌症研究中心報告指出：世界上有1/6的癌症是由細菌、病毒感染引發的發炎所致。至於發炎其實是人體的一種基本免疫反應。
魯道夫.維爾肖指出，有5種發炎症壯需要特別注意：
1、胃炎—胃癌
2、腸炎—腸癌
3.子宮頸炎—子宮頸癌
4.胰臟炎—胰臟癌
5、肝炎—肝癌
延伸閱讀
3歲男童被一隻哈士奇「猛烈撕咬」急救住院無效　不幸身亡
八點檔女神「山間瀑布狂沖」比基尼差點被沖掉　火辣身材曝光"
9,起床時檢視床單和枕頭 看看你有無罹癌徵兆,https://www.epochtimes.com/b5/24/5/18/n14253129.htm,"【大紀元2024年05月18日訊】（大紀元記者陳俊村報導）癌症在很多國家都是令人聞之色變的前十大死因之一，而且這種疾病的種類繁多，徵兆也不一而足，讓人防不勝防。有專業機構指出，人們在早上起床時可以檢視床單和枕頭，看看自己有沒有罹患癌症的可能。知道這種罹癌徵兆的人並不多。
據英國《每日快報》報導，有超過200種癌症會影響人體健康。這種疾病是不正常的細胞以失控的速度分裂和擴散，侵犯鄰近的組織和器官所造成的。
癌症的徵兆通常與癌細胞侵犯的部位有關。比如說，肺癌會導致咳嗽，腸癌會使人的大便帶血。但其他徵兆比較不明確，很容易被人們疏忽。夜間盜汗（night sweats）便是其中一種。
很多人在晚上睡覺時都會流汗，這種室溫等因素有關。但如果你經常在早上起床時發現，你的衣服、床單和枕頭都濕了，這意味著你有夜間盜汗的問題，你可能有罹癌的徵兆。
英國國民保健署（National Health Service）表示。如果你經常出現夜間盜汗這種情況，甚至在很涼爽的環境下睡覺也是如此，你應該去看醫生。
英國癌症研究基金會（Cancer Research UK）將嚴重的夜間盜汗列為癌症的一般徵兆之一。但這也可能是服用藥物或其它比較不嚴重病症的副作用。
該基金會說：「夜間盜汗或體溫很高（發燒）可能是感染引發或某些藥物的副作用。更年期附近的婦女也可能經歷這種情況。但果你有嚴重的夜間盜汗或無法解釋的發燒情況，請跟你的醫生談一談。」
英國國民保健署說，有些癌症會讓你比平時流更多汗，其中包括：霍奇金氏淋巴瘤（Hodgkin lymphoma）、非霍奇金氏淋巴瘤（non-Hodgkin lymphoma）、類癌腫瘤、白血病（俗稱血癌）、間皮瘤（Mesothelioma）、骨癌、攝護腺癌（又稱前列腺癌）、腎癌、生殖細胞腫瘤、甲狀腺髓質癌。
以白血病而言，夜間盜汗是主要的徵兆之一。
英國慈善組織「白血病護理」（Leukaemia Care）說，該組織針對超過2,000名白血病患者所進行的調查發現，有31%的白血病患者在被確診之前經歷過夜間盜汗。
該組織說：「很多人描述說，這種感覺猶如他們剛離開游泳池，然後躺在床上。」
大紀元此前報導，夜間盜汗也與壓力、打鼾和激烈運動等因素有關。如果夜間盜汗經常發生、令人苦惱、干擾睡眠或伴隨著疲勞或體重減輕（與生活方式或飲食的改變無關）等症狀，你應該求助於醫生。
責任編輯：茉莉
如果您有新聞線索或疫情資料給我們"
10,速食店狂推加味薯條，加1元升級大份量，國際期刊:每週吃2次，死亡風險倍增，不只薯條、這食物也一樣,https://tw.news.yahoo.com/%E9%80%9F%E9%A3%9F%E5%BA%97%E7%8B%82%E6%8E%A8%E5%8A%A0%E5%91%B3%E8%96%AF%E6%A2%9D-%E5%8A%A01%E5%85%83%E5%8D%87%E7%B4%9A%E5%A4%A7%E4%BB%BD%E9%87%8F-%E5%9C%8B%E9%9A%9B%E6%9C%9F%E5%88%8A-%E6%AF%8F%E9%80%B1%E5%90%832%E6%AC%A1-%E6%AD%BB%E4%BA%A1%E9%A2%A8%E9%9A%AA%E5%80%8D%E5%A2%9E-011129691.html,"「要不要加X元，把小薯升級為大薯？」薯條又香又酥好好吃，很多人都願意加少少的錢，在購買速食時把薯條配餐加大，但是美國的健康調查指出，每週吃2次以上薯條或薯餅的人，死亡風險會加倍，愛吃油炸物者要小心！
 
雖然大家都說吃油炸薯條容易變胖，但是薯條越吃越涮嘴，愛吃速食者幾乎都會買盒薯條的套餐，甚至加錢變成大份量，然而刊登在《美國臨床營養期刊》中，一項長達8年、針對4400位年齡介於45～79歲民眾的研究調查發現，喜歡吃油炸馬鈴薯食品的人，死亡風險倍增，在研究結束時，已經有236人死亡。
 
過去的許多研究認為，油炸馬鈴薯等澱粉食物會產生致癌成分，因此，這項研究分析受試者食用油炸馬鈴的頻率，結果發現，如果每週有吃2次以上炸薯條或薯餅等，死亡的風險會較一般人提高1倍，不過，如果吃的是水煮而非油炸的馬鈴薯，包括馬鈴薯泥或是烤馬鈴薯等，死亡風險則沒有增加。
（圖片來源：Dreamstime/典匠影像）
延伸閱讀： ·吃東西愛沾醬小心腦中風機率暴增！ 醫曝「常踩陷阱」：一小匙鹽就快超標 ·吃太鹹小心傷腎、傷心！ 「6大陷阱食物」吃起來不鹹但都藏高鈉
被封為「防毒教母」的長庚醫院臨床毒物中心護理師譚敦慈，多年來飲食正常且規律運動，始終維持纖細的健康身材，不過她自曝，曾經在檢查時發現膽固醇莫名其妙飆到201，檢...
對於外國人來說，提到日本料理所聯想到的就是壽司、生魚片、拉麵、懷石料理等等，這些料理雖然都是非常具有代表性的日本料理，但其實在日本人的家庭中並不常見。本文整理出日本家庭餐桌上最常登場的11道料理，並且透過日本住宅情報公司suumo所進行的「媽媽的家庭料理，你喜歡哪道？」問卷調查中，可以發現日本人所謂「家的味道」，其實背後更代表的是對於家的記憶，每個日本人家庭中都會有屬於自己的味道，例如咖哩的提味佐料就有好多種；甜味、鹹味還是高湯製的煎蛋捲；漢堡排的沾醬習慣等等。就讓我們來介紹最受日本人喜愛的家常菜排行榜。 ※調查排行榜參考自suumo網站「vol.157 母親の家庭料理、なにが好き？」 http://suumo.jp/article/nandemorank/rank/hitori_kyujitsu/16245/
社會中心／陳韋劭報導新北市動保處日前接獲民眾通報，板橋某寵物餐廳私自繁殖貓咪及不當飼養，動保員發現店家未申請動物展演，卻利用貓咪與客人互動營業，且販售不明分包裝飼料以及未施打狂犬病
隨著春日氣溫多變，許多人可能忽略了心血管健康的重要性。在這樣的季節轉換之際，主廚陳之穎帶來一道既能滿足味蕾又對心血管有益的料理「蒜蓉燴鯖魚」，融合蒜頭、鯖魚、芥藍菜等食材，讓任何人都能輕鬆在日常生活中
（中央社記者黃巧雯台北18日電）台灣選手何承叡與韓國搭檔南智星今天在華國三太子國際男子網球挑戰賽男雙決賽，以2個6比2橫掃日本組合松井俊英與上杉海斗奪冠，這是2人合作以來第2座ATP挑戰賽金盃。
（中央社華盛頓16日綜合外電報導）美國檢方今天宣布逮捕一名美國婦女和一名烏克蘭男子，指這兩人涉嫌幫助與北韓有關聯的資訊科技（IT）人員，冒充成美國人，從數百家美國公司獲得遠距工作機會。
（中央社記者謝靜雯台北18日電）富邦悍將隊野手王正棠連2戰開轟，目前4轟已經追平去年整季全壘打數，他表示可能是增重幫助，但有時候也感覺球比較會飛，可能多打幾轟才會找到原因，重要的是如何維持。
台北市 / 黃傲天 張俊譓 報導 許多人去熱炒店都喜歡點一份水蓮來吃，最近幾年火鍋界也吹起一波「水蓮風」！有吃到飽鍋店讓民眾能把水蓮夾好夾滿，也有店家的菜單上提供單點，都是為了讓消費者有更多選擇。還有業者說，水蓮放入火鍋後，會併發出和熱炒不同的風味。而且不只台灣人喜歡，包括馬辣、這一鍋都說，外國旅客都很愛這道菜。蛤蜊、花雕雞、土芒果，還有數不盡的山珍海味，鴛鴦鍋看了就讓人直流口水，而且蔬菜類不只常見的高麗菜，又亮又脆的水蓮也成為選項，馬辣部分門市還讓消費者無限夾到飽，馬辣行銷公關部專員林琬諭說：「有民眾就有私訊我們粉絲團，那我們也有聽到他們的心聲，就想說那不然就提供給大家，然後也是一樣吃到飽，讓大家吃得更盡興。」水蓮在外面自購價格較高，成為吃到飽菜色自然讓不少人感到划算，另一家鍋物這一鍋主打特色料理，以玫瑰造型的松阪豬聞名，業者早在一開始設計料理，也看上水蓮獨特風味放入菜單，水蓮還贏過高麗菜、大白菜，擠進店裡蔬菜類人氣排行榜前三名，這一鍋店長江欣蓓說：「水蓮其實有一個特性，就是久煮不會爛，再搭配我們的酌料，會迸出新的滋味之外，口感上也會有別於熱炒店的口感。」看準水蓮在火鍋界的潛力，馬辣近年備貨量逐步攀升，這一鍋每季則是能賣出1.5萬包水蓮，主打個人鴛鴦鍋的紅九九，除了高標準挑選、處理食材，還特別將水蓮綁成一綑，讓顧客能將清爽風味一口放進嘴內，水蓮的可口也不只讓台灣人嘴饞。美國遊客說：「這是我第一次吃到這個，我想我們美國吃不到這個，這吃起來非常新鮮。」泰國遊客說：「我喜歡這類蔬菜搭配火鍋，搭配著吃起來很讚。」其實水蓮俗稱「野蓮」，高雄美濃每年能產出快千萬台斤、創造近五億產值，目前內銷占大約八成，近年逐步外銷日本、新加坡、加拿大等國，不只為消費者舌尖創造全新味蕾，更是讓台灣走向世界的「野菜綠金」。  原始連結
花蓮府前路，花防部美崙營區，18號早上9點多，發生工程鷹架倒塌事件，當時正在進行興建司令台 灌漿作業，鷹架底部無法支撐而倒塌，現場9名工人遭到鷹架壓傷，緊急送醫。 #花防部#鷹架倒塌#工人
[NOWnews今日新聞]2024「第35屆金曲獎」入圍名單今（16）日公布，揭曉獎項前，百萬網友湧入官方YouTube灌水刷一排「王心凌」、「梁靜茹」，希望她們能入圍「最佳華語女歌手」，但最後獲提名...
許多人喜歡每天早上喝一杯咖啡提神，不過就有一名24歲女子，習慣每天早上空腹喝一杯拿鐵，再搭配水果當早餐，長時間下來竟導致「胃潰瘍」。對此，家醫科醫師羅佳琳提醒，千萬不要在空腹或緊張的情況下喝咖啡，尤其拿鐵傷害更大。
「2024華國三太子國際男子網球挑戰賽」
近年來，糖尿病已成為全球關注的健康議題之一。許多人為了控制血糖，會特別注意飲食，但生活作息也扮演著關鍵角色，血糖與睡眠品質其實是息息相關的。
【氣炸鍋料理】日式孜然雞翅 雞翅的部份，是使用最簡易的方式料理，日式炸雞粉真的很方便，也不用再另外調味就很好吃了，一口咬下，酥脆外皮與鮮嫩雞肉 ，每口都是吮指級美味，令人回味無窮！ 食材 ...
最近地瓜減肥話題正夯！地瓜不但軟糯好吃、方便取得，又富含營養並增加飽腹感。今天就讓我們更詳細的來認識地瓜。先來了解地瓜的基本熱量，地瓜的熱量會因爲大小和烹調的方式而有所不同，中等大小的地瓜重量約為150-200克、熱量約在130-180大卡，大約等同於「七分滿」白飯熱量。建議如果當餐有吃地瓜的話，白飯就要減量！ 地瓜拿去冰熱量竟直接砍半 「抗性澱粉」增加有利於減重 至於不同顏色的地瓜，熱量是否有差別？營養師 張語希說明，不同顏色的地瓜營養成分上有些許差異，但熱量差異不大。黃金地瓜、紫芋地瓜和紅心地瓜的熱量大致相似，都在每100克約100-150大卡。會造成地瓜熱量差異的最大原因，其實重點不在品種、而是「溫度」的差別！為什麼「冰地瓜」的熱量會減半？地瓜冷卻後，其中的澱粉會發生變化，形成所謂的「抗性澱粉」。這種澱粉屬於人體較難消化吸收的形式、類似於膳食纖維，吃了能夠增加飽足感，其中抗性澱粉擁有幫助減重、控制血糖與調整血脂，並有降低人體吸收熱量等好處。 不同顏色、品種的地瓜雖然熱量差異不大，但各有各的營養價值，以下介紹市面上常見的3種地瓜： 1. 黃金地瓜：含豐富的beta-胡蘿蔔素，是維生
國際中心／吳泊萱報導 中國浙江杭州一名2歲男童，日前到醫院手術時，被檢查出罹患梅毒，由於梅毒屬於性傳染病，男童父母為此爆發家庭革命。結果事後，一家人全到醫院接受檢查才
彰化一名60歲的陳姓婦人最近一個月突然變得動作遲緩，食慾大減，甚至記憶力衰退，懷疑自己是不是已經失智，就醫後發現嚴重缺乏維生素B1，導致腦部病變，醫師發現婦人經常吃豆腐乳配吐司，才會導致她的營養不均衡。 #豆腐乳#營養不均#腦病變
彰化一名60歲的婦人，喜歡吃豆腐乳夾土司，這樣吃，很容易飽，就少吃其它食物，造成營養不均衡。近一個月來，她突然變得動作遲緩、記憶力減退，家人以為失智，就醫檢查發現維生素B1缺乏，引起腦部病變「魏尼凱氏腦病」。
高血壓怎麼辦？血壓高怎麼降下來？專家表示，高血壓其實看臉就知道，尤其氣色好、臉部發紅可別以為自己很健康，小心高血壓已經悄悄找上門了，建議可以喝黑木耳搭配兩物，除了降血壓還能清血脂，另外也能按壓穴道降血
5 月 17 日是世界高血壓日，世界高血壓聯盟連續 4 年倡議「準確量血壓，控制血壓，延長壽命」（Measure Your Blood Pressure Accurately, Control It, Live Longer），呼籲世界各國政府重視測量血壓的重要性。"
11,香港癌症基金會專欄：大自然療愈 – 森林浴與身心健康的簡介,https://www.mpweekly.com/culture/cu0006/%E7%99%82%E6%84%88-%E6%A3%AE%E6%9E%97%E6%B5%B4-%E5%81%A5%E5%BA%B7-238300,"https://youtu.be/ClY9evaqbuQ
大自然對人類的身心健康帶來許多益處，這系列的「大自然療愈」系列影片，將介紹在公園或是森林中，透過不同的方法，包括森林浴、大自然療愈、靜觀及連結大樹力量等練習，照顧自己的身心靈。大家可以在大自然中洗滌五感，帶我們回到當下，重新連結自然與生命本質。
很多朋友覺得到戶外活動需要很多體力，所以當我們疲憊的時候，可能首選會留在家中休息。而根據研究顯示，其實舒適的大自然環境加上適合的活動，不但可以幫助我們休養生息，更加有助抗癌。短片中Amanda（易琪）會簡單介紹甚麼是「森林浴」，讓大家了解大自然和身心健康的關係。
如想了解更多癌症基金會的身心靈網上課程，歡迎瀏覽網站：www.cancer-fund.org/wellness-online-programmes。
資料提供：香港癌症基金會
諮詢熱線：3656 0800
網址：www.cancer-fund.org"
12,預防感冒｜黃天賜醫師50年無感冒 分享7大養生心得 一分鐘D.I.Y預防感冒法,https://skypost.hk/article/3761229/%E9%A0%90%E9%98%B2%E6%84%9F%E5%86%92-%E9%BB%83%E5%A4%A9%E8%B3%9C%E9%86%AB%E5%B8%AB50%E5%B9%B4%E7%84%A1%E6%84%9F%E5%86%92-%E5%88%86%E4%BA%AB7%E5%A4%A7%E9%A4%8A%E7%94%9F%E5%BF%83%E5%BE%97-%E4%B8%80%E5%88%86%E9%90%98D-I-Y%E9%A0%90%E9%98%B2%E6%84%9F%E5%86%92%E6%B3%95,"
【聲明】港生活網站並無進行電話推廣活動








感冒是體內免疫力下降的警號，包括口腔、咽喉黏膜的抵抗力下降，以及滋生於咽喉黏膜的嗜酸性病菌累積到足夠的數量引發黏膜發炎。本港註冊中醫師黃天賜50年來無傷風感冒，對此，他分享了1分鐘預防感冒的方法，大家不妨參考一下。
同場加映：
Healthy Life︱常捱夜吃生冷食物易頭痛胃脹 中醫師推介辦公室沖健脾養肝茶
{{hket:ul-video id=""10617""}}{{/hket:ul-video}}
一分鐘感冒預防方法
1.預防咽喉炎
當咽喉癢時，用1:10的鹽水漱口可以有效殺滅滋生於咽喉的感冒菌，減少感冒菌進入血液引發感冒的機會。此外，減少進食煎炸食物、冷飲伴食，並確保足夠的睡眠，可以增加身體的抵抗力，減少咽喉黏膜感染的機會。
2.預防淋巴腺炎
在咽喉附近的淋巴腺塗抹含有34%或以上的薄荷腦的肌肉舒緩劑，例如壹點寧清涼，或著名品牌的活絡油，因為薄荷腦具有殺菌的效果，可以預防淋巴腺炎。
3.預防感冒肌肉痛
感冒引起的肌肉痛可以使用熱敷或熱水浸泡來舒緩症狀。熱敷可以促進血液循環，減輕疼痛和肌肉緊張。
4.維持良好的衛生習慣
勤洗手是預防感冒的良好習慣之一。用肥皂和溫水洗手至少20秒，特別是在接觸到公共場所、咳嗽或打噴嚏後，或是接觸到病人之前。避免觸摸臉部，尤其是眼睛、鼻子和嘴巴，因為這些地方容易讓病毒進入身體。
5.保持充足的休息和睡眠
充足的休息和睡眠可以增強免疫系統的功能，提高身體對抗病毒的能力。
6.增加免疫力
適當的飲食和營養攝取可以提高免疫系統的功能。多食用富含維生素C和抗氧化劑的食物，如柑橘類水果、紅椒、藍莓等。此外，適量的運動也有助於增強免疫力。
7.預防感冒發病
例如感冒初起時，及早服用板藍根、野菊花、蒲公英(各10-15g煎水飲)等等。因板藍根含有豐富的多酚化合物，具有抗病毒和抗氧化的作用。野菊花富含黃酮類化合物，具有抗菌和抗病毒的效果。蒲公英則含有豐富的維生素C和抗氧化物質，有助於增強免疫力。
{{hket:inline-image name=""03.jpg""}}{{/hket:inline-image}}
有病當然要找專業醫師，除了藥物治療。在生理範疇角度，大家都不容忽視上天賦予人類的多種自我修復機制，從而可以全方位幫助恢復和修復受損的組織和器官。以下是幾個常見的自我修復機制：
免疫系統
免疫系統是一個複雜的防禦機制，能釋放細胞因子和生長因子，促進組織修復和再生。而深層睡眠就是人體骨髓造血細胞最活躍的黃金時機。
睡眠
睡眠是身體修復和康復的重要部分，例如良好的睡眠：
關於薄荷醇的作用，根據美國Cedars-Sinai醫學中心的一項研究，確認了薄荷醇對感冒病毒的抗病毒作用。據黃教授的臨床經驗，透過含有34%或以上的薄荷腦，30%的水楊酸甲脂的壹點寧清涼（外用搽劑），通過按摩鼻樑、咽喉、氣管兩側、胸肩背等部位來舒緩鼻腔、口腔、胸腔、呼吸道、胃腸道等黏膜的血液循環，和免疫淋巴循環的功能，從而減低病毒從入侵人體的傷害性。 
{{hket:inline-image name=""02.jpg""}}{{/hket:inline-image}}
 
[1] 美國Cedars-Sinai醫學中心2020年發表於“病毒學”雜誌的研究證明薄荷醇有抗 多種感冒病毒 的作用。
{{hket:inline-image name=""01.jpg""}}{{/hket:inline-image}}
[2] Nasal Inhalation of l-menthol Reduces Respiratory Discomfort Associated with Loaded Breathing TAKASHI NISHINO , YUGO TAGAITO , and YASUYOSHI SAKURAI, September 11, 1996,  PubMed: 9230767
撰文：註冊中醫師黃天賜



"
13,感冒｜下雨天常見4大呼吸道問題！改善關鍵要保持室內通風,https://www.hk01.com/%E5%81%A5%E5%BA%B7Easy/1019590/%E6%84%9F%E5%86%92-%E4%B8%8B%E9%9B%A8%E5%A4%A9%E5%B8%B8%E8%A6%8B4%E5%A4%A7%E5%91%BC%E5%90%B8%E9%81%93%E5%95%8F%E9%A1%8C-%E6%94%B9%E5%96%84%E9%97%9C%E9%8D%B5%E8%A6%81%E4%BF%9D%E6%8C%81%E5%AE%A4%E5%85%A7%E9%80%9A%E9%A2%A8,"每當陰雨綿綿，下到總覺得人要發霉了，台灣輔大醫院耳鼻喉科主任胡皓淳醫師提醒：「隨著春天到來，大家可能也會覺得下雨的時間變多了，其實下雨也是造成『呼吸道疾病』的常見原因。」
長時間下雨會讓環境更佳潮濕，這時可能會增加呼吸道感染的風險，尤其對於本身已經有慢性呼吸道疾病的患者來說，需要特別留意。國際期刊《Virology Journal》上一篇文獻，分析美國12個州2009年至2013年期間流感病毒和降雨的關係，研究發現，當降雨量增加時觀察到流感病毒活性升高，有顯著關聯。
相關文章：感冒｜冬天淋濕後易不適？4秘訣減低感冒風險多吃這些提升免疫力👇👇👇
在這樣的潮濕又下雨的天氣下，胡皓淳提出有四大類呼吸道疾病要特別留意：
在雨季病毒更容易在潮濕的環境中傳播，因此，感冒和流感的風險也會增加。這些疾病通常伴隨著咳嗽、流鼻涕、喉嚨痛等症狀。預防方法很簡單，就是保持良好的個人衛生，勤洗手，避免接觸已感染的人群，並及時接種流感疫苗。
潮濕的環境是黴菌的溫床，黴菌孢子和花粉等過敏原在雨季容易變多，導致呼吸道發炎和哮喘發作。胡皓淳建議過敏患者盡量避免接觸過敏原，保持室內乾燥清潔，並根據使用適當的抗過敏藥物。
相關文章：流感、感冒症狀怎樣分？醫教6招保養秘訣提升自我防護力1物抗發炎
除了黴菌外，潮濕的天氣也是細菌和病毒生長的理想環境，這可能導致肺炎和支氣管炎等呼吸道感染。請務必保持室內通風，避免長時間暴露在潮濕的環境中，可以降低感染的風險。
潮濕的環境容易導致鼻內分泌物變的濃稠，進而引發鼻竇炎。胡皓淳建議按時進行適當的鼻部清潔，保持鼻腔通暢，可以有效預防鼻竇炎。
相關文章：鼻竇炎｜起床後總想吐不是胃酸倒流？鼻涕倒流這樣做有助改善
另外，當下大雨時難免會淋到雨，更容易著涼感冒，如果淋到雨後，必須趕快更換淋雨後濕掉的衣服，保持身體溫暖和乾燥是很重要的。除此之外，淋雨後用溫水洗澡可以幫助恢復體溫，同時也有助於清潔皮膚，防止細菌感染。
在這種天氣下，最常被民眾忽略要「保持室內通風」，胡皓淳解釋：「雨天室內濕氣容易增加，這有利於細菌和病毒的生長，再加上淋雨之後抵抗力比較差，容易增加呼吸道感染的風險。」因此，要保持室內通風，讓空氣流通，有助於降低室內細菌和病毒的濃度，減少感染的機會，想要在這陰雨綿綿的天氣中避免生病，從生活中的小細節做起。
延伸閲讀：
換季過敏從飲食改善！營養師傳授4招緩解過敏反應
【本文獲「Heho健康」授權轉載。】
「本文內容反映原文作者的意見，並不代表《香港01》的立場。」"
14,強化免疫力促進心腦血管健康- 強化免疫力促進心腦血管健康,https://www.am730.com.hk/%E5%81%A5%E5%BA%B7/%E5%BC%B7%E5%8C%96%E5%85%8D%E7%96%AB%E5%8A%9B-%E4%BF%83%E9%80%B2%E5%BF%83%E8%85%A6%E8%A1%80%E7%AE%A1%E5%81%A5%E5%BA%B7/453444,"強化免疫力 促進心腦血管健康
VITATREE 奧米加369 PLUS Q10提供完美的成分組合比例，是維持心臟、心血管及腦部健康的強大後盾。主要成份深海魚油含豐富奧米加3、月見草油及亞麻籽油含豐富奧米加6 & 9，有齊人體所需的單元及多元不飽和脂肪酸。由於人體不能自行合成奧米加3及6，服食營養補充品可以補充不足。添加輔酶Q10有助保護細胞免受自由基傷害及有助心臟健康。澳洲GMP規格生產，品質有保證。
•促進血液循環及心腦血管健康
•改善專注力及記憶力
•適合三高人士服食
•促進眼睛健康
•強化肌肉，潤滑關節組織
屈臣氏獨家發售 
查詢：2116 0929
 
最新資訊將會寄去你電子郵箱
尚未成為會員？ 立即註冊"
